<?xml version="1.0" encoding="UTF-8"?>
<!DOCTYPE wallpapers SYSTEM "mate-wp-list.dtd">
<wallpapers>
    <wallpaper deleted="false">
        <name>F33 Supplemental Wallpapers Slideshow</name>
        <filename>/usr/share/backgrounds/f33/extras/f33-extras.xml</filename>
        <options>scaled</options>
    </wallpaper>

    <wallpaper deleted="false">
        <name>Dark Blue (F33 Supplemental)</name>
        <filename>/usr/share/backgrounds/f33/extras/dark-blue.png</filename>
        <options>scaled</options>
    </wallpaper>

</wallpapers>
