<?xml version="1.0" encoding="UTF-8"?>
<!DOCTYPE wallpapers SYSTEM "mate-wp-list.dtd">
<wallpapers>
    <wallpaper deleted="false">
        <name>Fedora 33 Time of Day</name>
        <filename>/usr/share/backgrounds/f33/default/f33.xml</filename>
        <options>zoom</options>
    </wallpaper>

     <wallpaper deleted="false">
        <name>Fedora 33 Dawn</name>
        <filename>/usr/share/backgrounds/f33/default/f33-01-dawn.png</filename>
        <options>zoom</options>
        <shade_type>solid</shade_type>
        <pcolor>#3c6eb4</pcolor>
        <scolor>#294172</scolor>
    </wallpaper>

    <wallpaper deleted="false">
        <name>Fedora 33 Day Default</name>
        <filename>/usr/share/backgrounds/f33/default/f33-02-day.png</filename>
        <options>zoom</options>
        <shade_type>solid</shade_type>
        <pcolor>#3c6eb4</pcolor>
        <scolor>#294172</scolor>
    </wallpaper>
    
    <wallpaper deleted="false">
        <name>Fedora 33 Dusk</name>
        <filename>/usr/share/backgrounds/f33/default/f33-03-dusk.png</filename>
        <options>zoom</options>
        <shade_type>solid</shade_type>
        <pcolor>#3c6eb4</pcolor>
        <scolor>#294172</scolor>
    </wallpaper>

    <wallpaper deleted="false">
        <name>Fedora 33 Night</name>
        <filename>/usr/share/backgrounds/f33/default/f33-04-night.png</filename>
        <options>zoom</options>
        <shade_type>solid</shade_type>
        <pcolor>#3c6eb4</pcolor>
        <scolor>#294172</scolor>
    </wallpaper>
</wallpapers>
